date,population,total_cases,new_cases,total_deaths,new_deaths,new_tests,total_tests,total_vaccinations,people_vaccinated,people_fully_vaccinated,new_vaccinations
30-01-2020,1380004385,1,1,0,0,0,0,0,0,0,0
31-01-2020,1380004385,1,0,0,0,0,0,0,0,0,0
01-02-2020,1380004385,1,0,0,0,0,0,0,0,0,0
02-02-2020,1380004385,2,1,0,0,0,0,0,0,0,0
03-02-2020,1380004385,3,1,0,0,0,0,0,0,0,0
04-02-2020,1380004385,3,0,0,0,0,0,0,0,0,0
05-02-2020,1380004385,3,0,0,0,0,0,0,0,0,0
06-02-2020,1380004385,3,0,0,0,0,0,0,0,0,0
07-02-2020,1380004385,3,0,0,0,0,0,0,0,0,0
08-02-2020,1380004385,3,0,0,0,0,0,0,0,0,0
09-02-2020,1380004385,3,0,0,0,0,0,0,0,0,0
10-02-2020,1380004385,3,0,0,0,0,0,0,0,0,0
11-02-2020,1380004385,3,0,0,0,0,0,0,0,0,0
12-02-2020,1380004385,3,0,0,0,0,0,0,0,0,0
13-02-2020,1380004385,3,0,0,0,0,0,0,0,0,0
14-02-2020,1380004385,3,0,0,0,0,0,0,0,0,0
15-02-2020,1380004385,3,0,0,0,0,0,0,0,0,0
16-02-2020,1380004385,3,0,0,0,0,0,0,0,0,0
17-02-2020,1380004385,3,0,0,0,0,0,0,0,0,0
18-02-2020,1380004385,3,0,0,0,0,0,0,0,0,0
19-02-2020,1380004385,3,0,0,0,0,0,0,0,0,0
20-02-2020,1380004385,3,0,0,0,0,0,0,0,0,0
21-02-2020,1380004385,3,0,0,0,0,0,0,0,0,0
22-02-2020,1380004385,3,0,0,0,0,0,0,0,0,0
23-02-2020,1380004385,3,0,0,0,0,0,0,0,0,0
24-02-2020,1380004385,3,0,0,0,0,0,0,0,0,0
25-02-2020,1380004385,3,0,0,0,0,0,0,0,0,0
26-02-2020,1380004385,3,0,0,0,0,0,0,0,0,0
27-02-2020,1380004385,3,0,0,0,0,0,0,0,0,0
28-02-2020,1380004385,3,0,0,0,0,0,0,0,0,0
29-02-2020,1380004385,3,0,0,0,0,0,0,0,0,0
01-03-2020,1380004385,3,0,0,0,0,0,0,0,0,0
02-03-2020,1380004385,5,2,0,0,0,0,0,0,0,0
03-03-2020,1380004385,5,0,0,0,0,0,0,0,0,0
04-03-2020,1380004385,28,23,0,0,0,0,0,0,0,0
05-03-2020,1380004385,30,2,0,0,0,0,0,0,0,0
06-03-2020,1380004385,31,1,0,0,0,0,0,0,0,0
07-03-2020,1380004385,34,3,0,0,0,0,0,0,0,0
08-03-2020,1380004385,39,5,0,0,0,0,0,0,0,0
09-03-2020,1380004385,43,4,0,0,0,0,0,0,0,0
10-03-2020,1380004385,56,13,0,0,0,0,0,0,0,0
11-03-2020,1380004385,62,6,1,1,0,0,0,0,0,0
12-03-2020,1380004385,73,11,1,0,0,0,0,0,0,0
13-03-2020,1380004385,82,9,2,1,0,6500,0,0,0,0
14-03-2020,1380004385,102,20,2,0,0,0,0,0,0,0
15-03-2020,1380004385,113,11,2,0,0,0,0,0,0,0
16-03-2020,1380004385,119,6,2,0,0,0,0,0,0,0
17-03-2020,1380004385,142,23,3,1,0,0,0,0,0,0
18-03-2020,1380004385,156,14,3,0,0,13125,0,0,0,0
19-03-2020,1380004385,194,38,4,1,191,13316,0,0,0,0
20-03-2020,1380004385,244,50,5,1,1060,14376,0,0,0,0
21-03-2020,1380004385,330,86,4,-1,1325,15701,0,0,0,0
22-03-2020,1380004385,396,66,7,3,1298,16999,0,0,0,0
23-03-2020,1380004385,499,103,10,3,3708,20707,0,0,0,0
24-03-2020,1380004385,536,37,10,0,157,20864,0,0,0,0
25-03-2020,1380004385,657,121,12,2,4280,25144,0,0,0,0
26-03-2020,1380004385,727,70,20,8,0,0,0,0,0,0
27-03-2020,1380004385,887,160,20,0,0,27688,0,0,0,0
28-03-2020,1380004385,987,100,24,4,0,0,0,0,0,0
29-03-2020,1380004385,1024,37,27,3,0,0,0,0,0,0
30-03-2020,1380004385,1251,227,32,5,0,0,0,0,0,0
31-03-2020,1380004385,1397,146,35,3,0,0,0,0,0,0
01-04-2020,1380004385,1998,601,58,23,0,0,0,0,0,0
02-04-2020,1380004385,2543,545,72,14,0,47951,0,0,0,0
03-04-2020,1380004385,2567,24,72,0,21294,69245,0,0,0,0
04-04-2020,1380004385,3082,515,86,14,10705,79950,0,0,0,0
05-04-2020,1380004385,3588,506,99,13,9584,89534,0,0,0,0
06-04-2020,1380004385,4778,1190,136,37,11534,101068,0,0,0,0
07-04-2020,1380004385,5311,533,150,14,12947,114015,0,0,0,0
08-04-2020,1380004385,5916,605,178,28,13904,127919,0,0,0,0
09-04-2020,1380004385,6725,809,226,48,16991,144910,0,0,0,0
10-04-2020,1380004385,7598,873,246,20,16420,161330,0,0,0,0
11-04-2020,1380004385,8446,848,288,42,18044,179374,0,0,0,0
12-04-2020,1380004385,9205,759,331,43,16374,195748,0,0,0,0
13-04-2020,1380004385,10453,1248,358,27,21806,217554,0,0,0,0
14-04-2020,1380004385,11487,1034,393,35,27339,244893,0,0,0,0
15-04-2020,1380004385,12322,835,405,12,29706,274599,0,0,0,0
16-04-2020,1380004385,13430,1108,448,43,28357,302956,0,0,0,0
17-04-2020,1380004385,14352,922,486,38,32167,335123,0,0,0,0
18-04-2020,1380004385,15722,1370,521,35,37000,372123,0,0,0,0
19-04-2020,1380004385,17615,1893,559,38,29463,401586,0,0,0,0
20-04-2020,1380004385,18539,924,592,33,0,0,0,0,0,0
21-04-2020,1380004385,20080,1541,645,53,0,462621,0,0,0,0
22-04-2020,1380004385,21370,1290,681,36,0,0,0,0,0,0
23-04-2020,1380004385,23077,1707,721,40,0,500542,0,0,0,0
24-04-2020,1380004385,24530,1453,780,59,41247,541789,0,0,0,0
25-04-2020,1380004385,26283,1753,825,45,38168,579957,0,0,0,0
26-04-2020,1380004385,27890,1607,881,56,45352,625309,0,0,0,0
27-04-2020,1380004385,29451,1561,939,58,40510,665819,0,0,0,0
28-04-2020,1380004385,31324,1873,1008,69,50914,716733,0,0,0,0
29-04-2020,1380004385,33062,1738,1079,71,54031,770764,0,0,0,0
30-04-2020,1380004385,34863,1801,1154,75,59437,830201,0,0,0,0
01-05-2020,1380004385,37257,2394,1223,69,72453,902654,0,0,0,0
02-05-2020,1380004385,39699,2442,1323,100,73709,976363,0,0,0,0
03-05-2020,1380004385,42505,2806,1391,68,70087,1046450,0,0,0,0
04-05-2020,1380004385,46437,3932,1566,175,60783,1107233,0,0,0,0
05-05-2020,1380004385,49400,2963,1693,127,84713,1191946,0,0,0,0
06-05-2020,1380004385,52987,3587,1785,92,84835,1276781,0,0,0,0
07-05-2020,1380004385,56351,3364,1889,104,80632,1357413,0,0,0,0
08-05-2020,1380004385,59695,3344,1985,96,80375,1437788,0,0,0,0
09-05-2020,1380004385,62808,3113,2101,116,85425,1523213,0,0,0,0
10-05-2020,1380004385,67161,4353,2212,111,85824,1609037,0,0,0,0
11-05-2020,1380004385,70768,3607,2294,82,64651,1673688,0,0,0,0
12-05-2020,1380004385,74292,3524,2415,121,85891,1759579,0,0,0,0
13-05-2020,1380004385,78055,3763,2551,136,94671,1854250,0,0,0,0
14-05-2020,1380004385,81997,3942,2649,98,92791,1947041,0,0,0,0
15-05-2020,1380004385,85784,3787,2753,104,92911,2039952,0,0,0,0
16-05-2020,1380004385,90648,4864,2871,118,94325,2134277,0,0,0,0
17-05-2020,1380004385,95698,5050,3025,154,93365,2227642,0,0,0,0
18-05-2020,1380004385,100328,4630,3156,131,75150,2302792,0,0,0,0
19-05-2020,1380004385,106475,6147,3302,146,101475,2404267,0,0,0,0
20-05-2020,1380004385,112028,5553,3434,132,108121,2512388,0,0,0,0
21-05-2020,1380004385,118226,6198,3584,150,103532,2615920,0,0,0,0
22-05-2020,1380004385,124794,6568,3726,142,103514,2719434,0,0,0,0
23-05-2020,1380004385,131423,6629,3868,142,115364,2834798,0,0,0,0
24-05-2020,1380004385,138536,7113,4024,156,108623,2943421,0,0,0,0
25-05-2020,1380004385,144950,6414,4172,148,90170,3033591,0,0,0,0
26-05-2020,1380004385,150793,5843,4344,172,92528,3126119,0,0,0,0
27-05-2020,1380004385,158086,7293,4534,190,116041,3242160,0,0,0,0
28-05-2020,1380004385,165386,7300,4711,177,119976,3362136,0,0,0,0
29-05-2020,1380004385,173491,8105,4980,269,121702,3483838,0,0,0,0
30-05-2020,1380004385,181827,8336,5185,205,127761,3611599,0,0,0,0
31-05-2020,1380004385,190609,8782,5408,223,125428,3737027,0,0,0,0
01-06-2020,1380004385,198370,7761,5608,200,100180,3837207,0,0,0,0
02-06-2020,1380004385,207191,8821,5829,221,128868,3966075,0,0,0,0
03-06-2020,1380004385,216824,9633,6088,259,137158,4103233,0,0,0,0
04-06-2020,1380004385,226713,9889,6363,275,139485,4242718,0,0,0,0
05-06-2020,1380004385,236184,9471,6649,286,143661,4386379,0,0,0,0
06-06-2020,1380004385,246622,10438,6946,297,137938,4524317,0,0,0,0
07-06-2020,1380004385,257486,10864,7207,261,142069,4666386,0,0,0,0
08-06-2020,1380004385,265928,8442,7473,266,108048,4774434,0,0,0,0
09-06-2020,1380004385,276146,10218,7750,277,141682,4916116,0,0,0,0
10-06-2020,1380004385,286605,10459,8102,352,145216,5061332,0,0,0,0
11-06-2020,1380004385,297535,10930,8498,396,151808,5213140,0,0,0,0
12-06-2020,1380004385,308993,11458,8884,386,150305,5363445,0,0,0,0
13-06-2020,1380004385,320922,11929,9195,311,143737,5507182,0,0,0,0
14-06-2020,1380004385,332424,11502,9520,325,151432,5658614,0,0,0,0
15-06-2020,1380004385,343091,10667,9900,380,115519,5774133,0,0,0,0
16-06-2020,1380004385,354065,10974,11903,2003,146936,5921069,0,0,0,0
17-06-2020,1380004385,366946,12881,12237,334,163187,6084256,0,0,0,0
18-06-2020,1380004385,380532,13586,12573,336,165412,6249668,0,0,0,0
19-06-2020,1380004385,395048,14516,12948,375,176959,6426627,0,0,0,0
20-06-2020,1380004385,410451,15403,13254,306,189869,6616496,0,0,0,0
21-06-2020,1380004385,425282,14831,13699,445,190730,6807226,0,0,0,0
22-06-2020,1380004385,440215,14933,14011,312,143267,6950493,0,0,0,0
23-06-2020,1380004385,456183,15968,14476,465,187223,7137716,0,0,0,0
24-06-2020,1380004385,473105,16922,14894,418,215195,7352911,0,0,0,0
25-06-2020,1380004385,490401,17296,15301,407,207871,7560782,0,0,0,0
26-06-2020,1380004385,508953,18552,15685,384,215446,7776228,0,0,0,0
27-06-2020,1380004385,528859,19906,16095,410,220479,7996707,0,0,0,0
28-06-2020,1380004385,548318,19459,16475,380,231095,8227802,0,0,0,0
29-06-2020,1380004385,566840,18522,16893,418,170560,8398362,0,0,0,0
30-06-2020,1380004385,585481,18641,17400,507,210292,8608654,0,0,0,0
01-07-2020,1380004385,604641,19160,17834,434,217931,8826585,0,0,0,0
02-07-2020,1380004385,625544,20903,18213,379,229588,9056173,0,0,0,0
03-07-2020,1380004385,648315,22771,18655,442,241576,9297749,0,0,0,0
04-07-2020,1380004385,673165,24850,19268,613,242383,9540132,0,0,0,0
05-07-2020,1380004385,697413,24248,19693,425,248934,9789066,0,0,0,0
06-07-2020,1380004385,719664,22251,20159,466,180596,9969662,0,0,0,0
07-07-2020,1380004385,742417,22753,20642,483,241430,10211092,0,0,0,0
08-07-2020,1380004385,767296,24879,21129,487,262679,10473771,0,0,0,0
09-07-2020,1380004385,793802,26506,21604,475,267061,10740832,0,0,0,0
10-07-2020,1380004385,820916,27114,22123,519,283659,11024491,0,0,0,0
11-07-2020,1380004385,849522,28606,22673,550,282511,11307002,0,0,0,0
12-07-2020,1380004385,878254,28732,23174,501,280151,11587153,0,0,0,0
13-07-2020,1380004385,906752,28498,23727,553,219103,11806256,0,0,0,0
14-07-2020,1380004385,936181,29429,24309,582,286247,12092503,0,0,0,0
15-07-2020,1380004385,968857,32676,24914,605,320161,12412664,0,0,0,0
16-07-2020,1380004385,1003832,34975,25602,688,326826,12739490,0,0,0,0
17-07-2020,1380004385,1039084,35252,26273,671,333228,13072718,0,0,0,0
18-07-2020,1380004385,1077781,38697,26816,543,361024,13433742,0,0,0,0
19-07-2020,1380004385,1118206,40425,27497,681,358127,13791869,0,0,0,0
20-07-2020,1380004385,1155338,37132,28082,585,256039,14047908,0,0,0,0
21-07-2020,1380004385,1193078,37740,28732,650,333395,14381303,0,0,0,0
22-07-2020,1380004385,1238798,45720,29861,1129,343243,14724546,0,0,0,0
23-07-2020,1380004385,1288108,49310,30601,740,350823,15075369,0,0,0,0
24-07-2020,1380004385,1337024,48916,31358,757,352801,15428170,0,0,0,0
25-07-2020,1380004385,1385635,48611,32060,702,420898,15849068,0,0,0,0
26-07-2020,1380004385,1435616,49981,32771,711,442263,16291331,0,0,0,0
27-07-2020,1380004385,1480073,44457,33408,637,515472,16806803,0,0,0,0
28-07-2020,1380004385,1531669,51596,34193,785,528082,17334885,0,0,0,0
29-07-2020,1380004385,1581963,50294,34955,762,408855,17743740,0,0,0,0
30-07-2020,1380004385,1634746,52783,35718,763,446642,18190382,0,0,0,0
31-07-2020,1380004385,1695988,61242,36511,793,642588,18832970,0,0,0,0
01-08-2020,1380004385,1750723,54735,37364,853,525689,19358659,0,0,0,0
02-08-2020,1380004385,1803695,52972,38135,771,463172,19821831,0,0,0,0
03-08-2020,1380004385,1855745,52050,38938,803,381027,20202858,0,0,0,0
04-08-2020,1380004385,1908254,52509,39795,857,661892,20864750,0,0,0,0
05-08-2020,1380004385,1964536,56282,40699,904,619652,21484402,0,0,0,0
06-08-2020,1380004385,2027074,62538,41585,886,664949,22149351,0,0,0,0
07-08-2020,1380004385,2088611,61537,42518,933,639042,22788393,0,0,0,0
08-08-2020,1380004385,2153010,64399,43379,861,598778,23387171,0,0,0,0
09-08-2020,1380004385,2215074,62064,44386,1007,719364,24106535,0,0,0,0
10-08-2020,1380004385,2268675,53601,45257,871,477023,24583558,0,0,0,0
11-08-2020,1380004385,2329638,60963,46091,834,698290,25281848,0,0,0,0
12-08-2020,1380004385,2396637,66999,47033,942,733449,26015297,0,0,0,0
13-08-2020,1380004385,2461190,64553,48040,1007,830391,26845688,0,0,0,0
14-08-2020,1380004385,2525922,64732,49036,996,848728,27694416,0,0,0,0
15-08-2020,1380004385,2589952,64030,49980,944,868679,28563095,0,0,0,0
16-08-2020,1380004385,2647663,57711,50921,941,746608,29309703,0,0,0,0
17-08-2020,1380004385,2702681,55018,51797,876,731697,30041400,0,0,0,0
18-08-2020,1380004385,2767253,64572,52888,1091,899864,30941264,0,0,0,0
19-08-2020,1380004385,2836925,69672,53866,978,801518,31742782,0,0,0,0
20-08-2020,1380004385,2905825,68900,54849,983,918470,32661252,0,0,0,0
21-08-2020,1380004385,2975701,69876,55794,945,805985,33467237,0,0,0,0
22-08-2020,1380004385,3044940,69239,56706,912,1023836,34491073,0,0,0,0
23-08-2020,1380004385,3106348,61408,57542,836,801147,35292220,0,0,0,0
24-08-2020,1380004385,3167323,60975,58390,848,609917,35902137,0,0,0,0
25-08-2020,1380004385,3224547,57224,59357,967,925383,36827520,0,0,0,0
26-08-2020,1380004385,3310234,85687,60472,1115,823992,37651512,0,0,0,0
27-08-2020,1380004385,3387500,77266,61529,1057,924998,38576510,0,0,0,0
28-08-2020,1380004385,3463972,76472,62550,1021,901338,39477848,0,0,0,0
29-08-2020,1380004385,3542733,78761,63498,948,928761,40406609,0,0,0,0
30-08-2020,1380004385,3621245,78512,64469,971,1055027,41461636,0,0,0,0
31-08-2020,1380004385,3691166,69921,65288,819,846278,42307914,0,0,0,0
01-09-2020,1380004385,3769523,78357,66333,1045,1016920,43324834,0,0,0,0
02-09-2020,1380004385,3853406,83883,67376,1043,1012367,44337201,0,0,0,0
03-09-2020,1380004385,3936747,83341,68472,1096,1172179,45509380,0,0,0,0
04-09-2020,1380004385,4023179,86432,69561,1089,1169765,46679145,0,0,0,0
05-09-2020,1380004385,4113811,90632,70626,1065,1059346,47738491,0,0,0,0
06-09-2020,1380004385,4204613,90802,71642,1016,1092654,48831145,0,0,0,0
07-09-2020,1380004385,4280422,75809,72775,1133,720362,49551507,0,0,0,0
08-09-2020,1380004385,4370128,89706,73890,1115,1098621,50650128,0,0,0,0
09-09-2020,1380004385,4465863,95735,75062,1172,1154549,51804677,0,0,0,0
10-09-2020,1380004385,4562414,96551,76271,1209,1129756,52934433,0,0,0,0
11-09-2020,1380004385,4659984,97570,77472,1201,1163542,54097975,0,0,0,0
12-09-2020,1380004385,4754356,94372,78586,1114,1091251,55189226,0,0,0,0
13-09-2020,1380004385,4846427,92071,79722,1136,1071702,56260928,0,0,0,0
14-09-2020,1380004385,4930236,83809,80776,1054,978500,57239428,0,0,0,0
15-09-2020,1380004385,5020359,90123,82066,1290,1072845,58312273,0,0,0,0
16-09-2020,1380004385,5118253,97894,83198,1132,1116842,59429115,0,0,0,0
17-09-2020,1380004385,5214677,96424,84372,1174,1136613,60565728,0,0,0,0
18-09-2020,1380004385,5308014,93337,85619,1247,1006615,61572343,0,0,0,0
19-09-2020,1380004385,5400619,92605,86752,1133,881911,62454254,0,0,0,0
20-09-2020,1380004385,5487580,86961,87882,1130,1206806,63661060,0,0,0,0
21-09-2020,1380004385,5562663,75083,88935,1053,731534,64392594,0,0,0,0
22-09-2020,1380004385,5646010,83347,90020,1085,933185,65325779,0,0,0,0
23-09-2020,1380004385,5732518,86508,91149,1129,953683,66279462,0,0,0,0
24-09-2020,1380004385,5818570,86052,92290,1141,1156569,67436031,0,0,0,0
25-09-2020,1380004385,5903932,85362,93379,1089,1492409,68928440,0,0,0,0
26-09-2020,1380004385,5992532,88600,94503,1124,1341535,70269975,0,0,0,0
27-09-2020,1380004385,6074702,82170,95542,1039,987861,71257836,0,0,0,0
28-09-2020,1380004385,6145291,70589,96318,776,709394,71967230,0,0,0,0
29-09-2020,1380004385,6225763,80472,97497,1179,1142811,73110041,0,0,0,0
30-09-2020,1380004385,6312584,86821,98678,1181,1086688,74196729,0,0,0,0
01-10-2020,1380004385,6394068,81484,99773,1095,1423052,75619781,0,0,0,0
02-10-2020,1380004385,6473544,79476,100842,1069,1097947,76717728,0,0,0,0
03-10-2020,1380004385,6549373,75829,101782,940,1132675,77850403,0,0,0,0
04-10-2020,1380004385,6623815,74442,102685,903,1142131,78992534,0,0,0,0
05-10-2020,1380004385,6685082,61267,103569,884,989860,79982394,0,0,0,0
06-10-2020,1380004385,6757131,72049,104555,986,1089403,81071797,0,0,0,0
07-10-2020,1380004385,6835655,78524,105526,971,1199857,82271654,0,0,0,0
08-10-2020,1380004385,6906151,70496,106490,964,1194321,83465975,0,0,0,0
09-10-2020,1380004385,6979423,73272,107416,926,1168705,84634680,0,0,0,0
10-10-2020,1380004385,7053806,74383,108334,918,1164018,85798698,0,0,0,0
11-10-2020,1380004385,7120538,66732,109150,816,1078544,86877242,0,0,0,0
12-10-2020,1380004385,7175880,55342,109856,706,994851,87872093,0,0,0,0
13-10-2020,1380004385,7239389,63509,110586,730,1073014,88945107,0,0,0,0
14-10-2020,1380004385,7307097,67708,111266,680,1145015,90090122,0,0,0,0
15-10-2020,1380004385,7370468,63371,112161,895,1136183,91226305,0,0,0,0
16-10-2020,1380004385,7432680,62212,112998,837,1028622,92254927,0,0,0,0
17-10-2020,1380004385,7494551,61871,114031,1033,999090,93254017,0,0,0,0
18-10-2020,1380004385,7550273,55722,114610,579,970173,94224190,0,0,0,0
19-10-2020,1380004385,7597063,46790,115197,587,859786,95083976,0,0,0,0
20-10-2020,1380004385,7651107,54044,115914,717,1032795,96116771,0,0,0,0
21-10-2020,1380004385,7706946,55839,116616,702,1083608,97200379,0,0,0,0
22-10-2020,1380004385,7761312,54366,117306,690,1469984,98670363,0,0,0,0
23-10-2020,1380004385,7814682,53370,117956,650,1442722,100113085,0,0,0,0
24-10-2020,1380004385,7864811,50129,118534,578,1269479,101382564,0,0,0,0
25-10-2020,1380004385,7909959,45148,119014,480,1140905,102523469,0,0,0,0
26-10-2020,1380004385,7946429,36470,119502,488,939309,103462778,0,0,0,0
27-10-2020,1380004385,7990322,43893,120010,508,958116,104420894,0,0,0,0
28-10-2020,1380004385,8040203,49881,120527,517,1066786,105487680,0,0,0,0
29-10-2020,1380004385,8088851,48648,121090,563,1075760,106563440,0,0,0,0
30-10-2020,1380004385,8137119,48268,121641,551,1164648,107728088,0,0,0,0
31-10-2020,1380004385,8184082,46963,122111,470,1067976,108796064,0,0,0,0
01-11-2020,1380004385,8229313,45231,122607,496,1091239,109887303,0,0,0,0
02-11-2020,1380004385,8267623,38310,123097,490,855800,110743103,0,0,0,0
03-11-2020,1380004385,8313876,46253,123611,514,1046247,111789350,0,0,0,0
04-11-2020,1380004385,8364086,50210,124315,704,1209609,112998959,0,0,0,0
05-11-2020,1380004385,8411724,47638,124985,670,1209425,114208384,0,0,0,0
06-11-2020,1380004385,8462080,50356,125562,577,1220711,115429095,0,0,0,0
07-11-2020,1380004385,8507754,45674,126121,559,1113209,116542304,0,0,0,0
08-11-2020,1380004385,8553657,45903,126611,490,1194487,117736791,0,0,0,0
09-11-2020,1380004385,8591730,38073,127059,448,835401,118572192,0,0,0,0
10-11-2020,1380004385,8636011,44281,127571,512,1043665,119615857,0,0,0,0
11-11-2020,1380004385,8683916,47905,128121,550,1153294,120769151,0,0,0,0
12-11-2020,1380004385,8728795,44879,128668,547,1193358,121962509,0,0,0,0
13-11-2020,1380004385,8773479,44684,129188,520,1139230,123101739,0,0,0,0
14-11-2020,1380004385,8814579,41100,129635,447,929491,124031230,0,0,0,0
15-11-2020,1380004385,8845127,30548,130070,435,805589,124836819,0,0,0,0
16-11-2020,1380004385,8874290,29163,130519,449,861706,125698525,0,0,0,0
17-11-2020,1380004385,8912907,38617,130993,474,844382,126542907,0,0,0,0
18-11-2020,1380004385,8958483,45576,131578,585,937279,127480186,0,0,0,0
19-11-2020,1380004385,9004365,45882,132162,584,1028203,128508389,0,0,0,0
20-11-2020,1380004385,9050597,46232,132726,564,1083397,129591786,0,0,0,0
21-11-2020,1380004385,9095806,45209,133227,501,1066022,130657808,0,0,0,0
22-11-2020,1380004385,9139865,44059,133738,511,1075326,131733134,0,0,0,0
23-11-2020,1380004385,9177840,37975,134218,480,849596,132582730,0,0,0,0
24-11-2020,1380004385,9222216,44376,134699,481,1099545,133682275,0,0,0,0
25-11-2020,1380004385,9266705,44489,135223,524,1159032,134841307,0,0,0,0
26-11-2020,1380004385,9309787,43082,135715,492,1090238,135931545,0,0,0,0
27-11-2020,1380004385,9351109,41322,136200,485,1131204,137062749,0,0,0,0
28-11-2020,1380004385,9392919,41810,136696,496,1157605,138220354,0,0,0,0
29-11-2020,1380004385,9431691,38772,137139,443,1283449,139503803,0,0,0,0
30-11-2020,1380004385,9462809,31118,137621,482,876173,140379976,0,0,0,0
01-12-2020,1380004385,9499413,36604,138122,501,969322,141349298,0,0,0,0
02-12-2020,1380004385,9534964,35551,138648,526,1096651,142445949,0,0,0,0
03-12-2020,1380004385,9571559,36595,139188,540,1111698,143557647,0,0,0,0
04-12-2020,1380004385,9608211,36652,139700,512,1170102,144727749,0,0,0,0
05-12-2020,1380004385,9644222,36011,140182,482,1157763,145885512,0,0,0,0
06-12-2020,1380004385,9677203,32981,140573,391,1101063,146986575,0,0,0,0
07-12-2020,1380004385,9703770,26567,140958,385,801081,147787656,0,0,0,0
08-12-2020,1380004385,9735850,32080,141360,402,1026399,148814055,0,0,0,0
09-12-2020,1380004385,9767371,31521,141772,412,1022712,149836767,0,0,0,0
10-12-2020,1380004385,9796744,29373,142185,413,922959,150759726,0,0,0,0
11-12-2020,1380004385,9826775,30031,142628,443,0,0,0,0,0,0
12-12-2020,1380004385,9857029,30254,143019,391,0,152697399,0,0,0,0
13-12-2020,1380004385,9884100,27071,143355,336,1014434,153711833,0,0,0,0
14-12-2020,1380004385,9906165,22065,143709,354,855157,154566990,0,0,0,0
15-12-2020,1380004385,9932547,26382,144096,387,993665,155560655,0,0,0,0
16-12-2020,1380004385,9956557,24010,144451,355,1085625,156646280,0,0,0,0
17-12-2020,1380004385,9979447,22890,144789,338,1158960,157805240,0,0,0,0
18-12-2020,1380004385,10004599,25152,145136,347,1113406,158918646,0,0,0,0
19-12-2020,1380004385,10031223,26624,145477,341,1171868,160090514,0,0,0,0
20-12-2020,1380004385,10055560,24337,145810,333,1107681,161198195,0,0,0,0
21-12-2020,1380004385,10075116,19556,146111,301,900134,162098329,0,0,0,0
22-12-2020,1380004385,10099066,23950,146444,333,1072228,163170557,0,0,0,0
23-12-2020,1380004385,10123778,24712,146756,312,1098164,164268721,0,0,0,0
24-12-2020,1380004385,10146845,23067,147092,336,1039645,165308366,0,0,0,0
25-12-2020,1380004385,10169118,22273,147343,251,997396,166305762,0,0,0,0
26-12-2020,1380004385,10187850,18732,147622,279,853527,167159289,0,0,0,0
27-12-2020,1380004385,10207871,20021,147901,279,943368,168102657,0,0,0,0
28-12-2020,1380004385,10224303,16432,148153,252,715397,168818054,0,0,0,0
29-12-2020,1380004385,10244852,20549,148439,286,983695,169801749,0,0,0,0
30-12-2020,1380004385,10266674,21822,148738,299,1120281,170922030,0,0,0,0
31-12-2020,1380004385,10266674,0,148738,0,1127244,172049274,0,0,0,0
01-01-2021,1380004385,10286709,20035,148994,256,1062420,173111694,0,0,0,0
02-01-2021,1380004385,10323965,37256,149435,441,829964,173941658,0,0,0,0
03-01-2021,1380004385,10340469,16504,149649,214,958125,174899783,0,0,0,0
04-01-2021,1380004385,10356844,16375,149850,201,735978,175635761,0,0,0,0
05-01-2021,1380004385,10374932,18088,150114,264,896236,176531997,0,0,0,0
06-01-2021,1380004385,10395278,20346,150336,222,931408,177463405,0,0,0,0
07-01-2021,1380004385,10413417,18139,150570,234,937590,178400995,0,0,0,0
08-01-2021,1380004385,10413417,0,150570,0,935369,179336364,0,0,0,0
09-01-2021,1380004385,10450284,36867,150999,429,916951,180253315,0,0,0,0
10-01-2021,1380004385,10466595,16311,151160,161,843307,181096622,0,0,0,0
11-01-2021,1380004385,10479179,12584,151327,167,659209,181755831,0,0,0,0
12-01-2021,1380004385,10495147,15968,151529,202,897056,182652887,0,0,0,0
13-01-2021,1380004385,10512093,16946,151727,198,836227,183489114,0,0,0,0
14-01-2021,1380004385,10527683,15590,151918,191,743191,184232305,0,0,0,0
15-01-2021,1380004385,10542841,15158,152093,175,730096,184962401,0,0,0,0
16-01-2021,1380004385,10557985,15144,152274,181,803090,185765491,191181,191181,0,191181
17-01-2021,1380004385,10571773,13788,152419,145,779377,186544868,224301,224301,0,33120
18-01-2021,1380004385,10581823,10050,152556,137,548168,187093036,454049,454049,0,229748
19-01-2021,1380004385,10595639,13816,152718,162,709791,187802827,674835,674835,0,220786
20-01-2021,1380004385,10610883,15244,152869,151,764120,188566947,806484,806484,0,131649
21-01-2021,1380004385,10625428,14545,153032,163,780835,189347782,1043534,1043534,0,237050
22-01-2021,1380004385,10639684,14256,153184,152,800242,190148024,1390592,1390592,0,347058
23-01-2021,1380004385,10654533,14849,153339,155,837095,190985119,1582201,1582201,0,191609
24-01-2021,1380004385,10667736,13203,153470,131,781752,191766871,1615504,1615504,0,33303
25-01-2021,1380004385,10676838,9102,153587,117,570246,192337117,2023809,2023809,0,408305
26-01-2021,1380004385,10689527,12689,153724,137,725577,193062694,2029480,2029480,0,5671
27-01-2021,1380004385,10701193,11666,153847,123,550426,193613120,2355979,2355979,0,326499
28-01-2021,1380004385,10720048,18855,154010,163,725653,194338773,2928053,2928053,0,572074
29-01-2021,1380004385,10733130,13082,154147,137,742306,195081079,3500027,3500027,0,571974
30-01-2021,1380004385,10746174,13044,154274,127,756329,195837408,3744334,3744334,0,244307
31-01-2021,1380004385,10757610,11436,154392,118,750964,196588372,3758843,3758843,0,14509
01-02-2021,1380004385,10766245,8635,154486,94,504263,197092635,3950156,3950156,0,191313
02-02-2021,1380004385,10777284,11039,154596,110,659422,197752057,4138918,4138918,0,188762
03-02-2021,1380004385,10790183,12899,154703,107,721121,198473178,4449552,4449552,0,310634
04-02-2021,1380004385,10802591,12408,154823,120,742841,199216019,4959445,4959445,0,509893
05-02-2021,1380004385,10814304,11713,154918,95,715776,199931795,5416849,5416849,0,457404
06-02-2021,1380004385,10826363,12059,154996,78,740794,200672589,5775322,5775322,0,358473
07-02-2021,1380004385,10838194,11831,155080,84,695789,201368378,5812362,5812362,0,37040
08-02-2021,1380004385,10847304,9110,155158,78,532236,201900614,6259008,6259008,0,446646
09-02-2021,1380004385,10858371,11067,155252,94,687138,202587752,6611561,6611561,0,352553
10-02-2021,1380004385,10871294,12923,155360,108,736903,203324655,7017114,7017114,0,405553
11-02-2021,1380004385,10880603,9309,155447,87,699185,204023840,7505010,7505010,0,487896
12-02-2021,1380004385,10892746,12143,155550,103,765944,204789784,7967647,7967647,0,462637
13-02-2021,1380004385,10904940,12194,155642,92,743614,205533398,8052454,8044786,7668,84807
14-02-2021,1380004385,10916589,11649,155732,90,697114,206230512,0,0,0,0
15-02-2021,1380004385,10925710,9121,155813,81,486122,206716634,8516771,8418653,98118,0
16-02-2021,1380004385,10937320,11610,155913,100,615664,207332298,8857341,8641002,216339,340570
17-02-2021,1380004385,10950201,12881,156014,101,644931,207977229,9186757,8844641,342116,329416
18-02-2021,1380004385,10963394,13193,156111,97,726562,208703791,9846523,9381591,464932,659766
19-02-2021,1380004385,10977387,13993,156212,101,771071,209474862,10449942,9693000,756942,603419
20-02-2021,1380004385,10991651,14264,156302,90,786618,210261480,10838323,9964383,873940,388381
21-02-2021,1380004385,11005850,14199,156385,83,670050,210931530,11085173,10124531,960642,246850
22-02-2021,1380004385,11016434,10584,156463,78,620216,211551746,11424094,10308552,1115542,338921
23-02-2021,1380004385,11030176,13742,156567,104,678685,212230431,11907392,10585757,1321635,483298
24-02-2021,1380004385,11046914,16738,156705,138,805844,213036275,12366633,10884879,1481754,459241
25-02-2021,1380004385,11063491,16577,156825,120,793383,213829658,13067047,11206188,1860859,700414
26-02-2021,1380004385,11079979,16488,156938,113,831807,214661465,13756940,11552857,2204083,689893
27-02-2021,1380004385,11096731,16752,157051,113,773918,215435383,14242547,11788669,2453878,485607
28-02-2021,1380004385,11112241,15510,157157,106,795723,216231106,14301266,11845075,2456191,58719
01-03-2021,1380004385,11124527,12286,157248,91,627668,216858774,14854136,12256337,2597799,552870
02-03-2021,1380004385,11139516,14989,157346,98,759283,217618057,15620749,12906771,2713978,766613
03-03-2021,1380004385,11156923,17407,157435,89,785220,218403277,16616048,13739121,2876927,995299
04-03-2021,1380004385,11173761,16838,157548,113,775631,219178908,18005503,14796835,3208668,1389455
05-03-2021,1380004385,11192045,18284,157656,108,761834,219940742,19497704,15996683,3501021,1492201
06-03-2021,1380004385,11210799,18754,157756,100,751935,220692677,20922344,17168303,3754041,1424640
07-03-2021,1380004385,11229398,18599,157853,97,737830,221430507,20989010,17227903,3761107,66666
08-03-2021,1380004385,11244786,15388,157930,77,0,0,23008733,18943283,4065450,2019723
09-03-2021,1380004385,11262707,17921,158063,133,0,222716796,24367906,20004227,4363679,1359173
10-03-2021,1380004385,11285561,22854,158189,126,763081,223479877,25685011,21034481,4650530,1317105
11-03-2021,1380004385,11308846,23285,158306,117,778416,224258293,26164920,21435841,4729079,479909
12-03-2021,1380004385,11333728,24882,158446,140,740345,224998638,28218457,23075504,5142953,2053537
13-03-2021,1380004385,11359048,25320,158607,161,840635,225839273,29738409,24307635,5430774,1519952
14-03-2021,1380004385,11385339,26291,158725,118,864368,226703641,29908038,24452385,5455653,169629
15-03-2021,1380004385,11409831,24492,158856,131,703772,227407413,32947432,27079484,5867948,3039394
16-03-2021,1380004385,11438734,28903,159044,188,873350,228280763,35064536,28862037,6202499,2117104
17-03-2021,1380004385,11474605,35871,159216,172,969021,229249784,37143255,30600787,6542468,2078719
18-03-2021,1380004385,11514331,39726,159370,154,1063379,230313163,39339817,32426230,6913587,2196562
19-03-2021,1380004385,11555284,40953,159558,188,1057383,231370546,42063392,34842030,7221362,2723575
20-03-2021,1380004385,11599130,43846,159755,197,1060971,232431517,44603841,37125187,7478654,2540449
21-03-2021,1380004385,11646081,46951,159967,212,0,0,45065998,37574302,7491696,462157
22-03-2021,1380004385,11686796,40715,160166,199,0,234445774,48494594,40631153,7863441,3428596
23-03-2021,1380004385,11734058,47262,160441,275,967459,235413233,50841286,42731952,8109334,2346692
24-03-2021,1380004385,11787534,53476,160692,251,1025628,236438861,53145709,44846538,8299171,2304423
25-03-2021,1380004385,11846652,59118,160949,257,1065021,237503882,55504440,47001472,8502968,2358731
26-03-2021,1380004385,11908910,62258,161240,291,1100756,238604638,58109773,49426618,8683155,2605333
27-03-2021,1380004385,11971624,62714,161552,312,1164915,239769553,60269782,51441436,8828346,2160009
28-03-2021,1380004385,12039644,68020,161843,291,1181289,240950842,60530435,51660234,8870201,260653
29-03-2021,1380004385,12095855,56211,162114,271,913319,241864161,61113354,52211398,8901956,582919
30-03-2021,1380004385,12149335,53480,162468,354,785864,242650025,63054353,53989035,9065318,1940999
31-03-2021,1380004385,12221665,72330,162927,459,1022915,243672940,65117896,55783201,9334695,2063543
01-04-2021,1380004385,12303131,81466,163396,469,1125681,244798621,68789138,59148798,9640340,3671242
02-04-2021,1380004385,12392260,89129,164110,714,1113966,245912587,73054295,63081589,9972706,4265157
03-04-2021,1380004385,12485509,93249,164623,513,1046605,246959192,75979651,65739470,10240181,2925356
04-04-2021,1380004385,12589067,103558,165101,478,1166716,248125908,79105163,68678838,10426325,3125512
05-04-2021,1380004385,12686049,96982,165547,446,893749,249019657,83110926,72277309,10833617,4005763
06-04-2021,1380004385,12801785,115736,166177,630,1211612,250231269,87077474,75937015,11140459,3966548
07-04-2021,1380004385,12928574,126789,166862,685,1208329,251439598,90198673,78763027,11435646,3121199
08-04-2021,1380004385,13060542,131968,167642,780,1237781,252677379,94334262,82456522,11877740,4135589
09-04-2021,1380004385,13205926,145384,168436,794,1364205,254041584,98075160,85763852,12311308,3740898
10-04-2021,1380004385,13358805,152879,169275,839,1173219,255214803,101595147,88885961,12709186,3519987
11-04-2021,1380004385,13527717,168912,170179,904,1412047,256626850,104528565,91587400,12941165,2933418
12-04-2021,1380004385,13689453,161736,171058,879,1180136,257806986,108533085,95043039,13490046,4004520
13-04-2021,1380004385,13873825,184372,172085,1027,1400122,259207108,111179578,97301914,13877664,2646493
14-04-2021,1380004385,14074564,200739,173123,1038,1411758,260618866,114493238,100179199,14314039,3313660
15-04-2021,1380004385,14291917,217353,174308,1185,1384549,262003415,117223509,102349255,14874254,2730271
16-04-2021,1380004385,14526609,234692,175649,1341,1473210,263476625,119937641,104408484,15529157,2714132
17-04-2021,1380004385,14788003,261394,177150,1501,1495397,264972022,122622590,106431076,16191514,2684949
18-04-2021,1380004385,15061805,273802,178769,1619,1566394,266538416,123852566,107371770,16480796,1229976
19-04-2021,1380004385,15320972,259167,180530,1761,1356133,267894549,127129113,109659181,17469932,3276547
20-04-2021,1380004385,15616130,295158,182553,2023,1519486,269414035,0,0,0,0
21-04-2021,1380004385,15930774,314644,184657,2104,1639357,271053392,129646105,111673361,17972744,0
22-04-2021,1380004385,16263695,332921,186920,2263,1651711,272705103,132754608,113584269,19170339,3108503
23-04-2021,1380004385,16610481,346786,189544,2624,1740550,274445653,0,0,0,0
24-04-2021,1380004385,16960172,349691,192311,2767,1753569,276199222,0,0,0,0
25-04-2021,1380004385,17313163,352991,195123,2812,1719588,277918810,139185173,117795008,21390165,0
26-04-2021,1380004385,17636186,323023,197894,2771,1402367,279321177,142524947,119886252,22638695,3339774
27-04-2021,1380004385,17997113,360927,201187,3293,1658700,280979877,144879233,121263287,23615946,2354286
28-04-2021,1380004385,18376421,379308,204832,3645,1723912,282703789,147053392,122538179,24515213,2174159
29-04-2021,1380004385,18762976,386555,208330,3498,1768190,284471979,149268772,123811908,25456864,2215380
30-04-2021,1380004385,19164969,401993,211853,3523,1920107,286392086,151998107,125376952,26621155,2729335
01-05-2021,1380004385,19557457,392488,215542,3689,1945299,288337385,153626325,126328970,27297355,1628218
02-05-2021,1380004385,19925517,368060,218959,3417,1804954,290142339,154211511,126704151,27507360,585186
03-05-2021,1380004385,20282833,357316,222408,3449,1504698,291647037,156082136,127696675,28385461,1870625
04-05-2021,1380004385,20664979,382146,226188,3780,1663742,293310779,157750752,128627919,29122833,1668616
05-05-2021,1380004385,21077410,412431,230168,3980,1541299,294852078,159931238,129730641,30200597,2180486
06-05-2021,1380004385,21491598,414188,234083,3915,1923131,296775209,162603603,131058890,31544713,2672365
07-05-2021,1380004385,21892676,401078,238270,4187,1826490,298601699,165190000,132294827,32895173,2586397
08-05-2021,1380004385,22296081,403405,242347,4077,1808344,300410043,167493857,133366482,34127375,2303857
09-05-2021,1380004385,22662575,366494,246116,3769,1865428,302275471,168304868,133854676,34450192,811011
10-05-2021,1380004385,22992517,329942,249992,3876,1474606,303750077,171098918,135192013,35906905,2794050
11-05-2021,1380004385,23340938,348421,254197,4205,1850110,305600187,173862643,136557345,37305298,2763725
12-05-2021,1380004385,23703665,362727,258317,4120,1983804,307583991,176045577,137805245,38240332,2182934
13-05-2021,1380004385,24046809,343144,262317,4000,1864594,309448585,178361846,139087590,39274256,2316269
14-05-2021,1380004385,24372907,326098,266207,3890,1875515,311324100,179646413,139861462,39784951,1284567
15-05-2021,1380004385,24684077,311170,270284,4077,1693093,313017193,181544536,141132112,40412424,1898123
16-05-2021,1380004385,24965463,281386,274390,4106,0,0,182251006,141764335,40486671,706470
17-05-2021,1380004385,25228996,263533,278719,4329,0,316423658,183817204,143090218,40726986,1566198
18-05-2021,1380004385,25496330,267334,283248,4529,1869223,318292881,185191602,144270200,40921402,1374398
19-05-2021,1380004385,25772440,276110,287122,3874,2008296,320301177,186410600,145333606,41076994,1218998
20-05-2021,1380004385,26031991,259551,291331,4209,2055010,322356187,187886885,146624652,41262233,1476285
21-05-2021,1380004385,26289290,257299,295525,4194,2061683,324417870,0,0,0,0
22-05-2021,1380004385,26530132,240842,299266,3741,2066285,326484155,190842497,149219616,41622881,0
23-05-2021,1380004385,26752447,222315,303720,4454,2123782,328607937,191719240,150033188,41686052,876743
24-05-2021,1380004385,26948874,196427,307231,3511,1928127,330536064,194165711,152301505,41864206,2446471
25-05-2021,1380004385,27157795,208921,311388,4157,2058112,332594176,195506779,153511379,41995400,1341068
26-05-2021,1380004385,27369093,211298,315235,3847,2217320,334811496,198425615,156189641,42235974,2918836
27-05-2021,1380004385,27555457,186364,318895,3660,2157857,336969353,201203166,158783606,42419560,2777551
28-05-2021,1380004385,27729247,173790,322512,3617,2070508,339039861,203166802,160605562,42561240,1963636
29-05-2021,1380004385,27894800,165553,325972,3460,2080048,341119909,207088953,164158704,42930249,3922151
30-05-2021,1380004385,28047534,152734,329100,3128,2063839,343183748,208665123,165598013,43067110,1576170
31-05-2021,1380004385,28175044,127510,331895,2795,1683135,344866883,210449895,167191085,43258810,1784772
01-06-2021,1380004385,28307832,132788,335102,3207,1925374,346792257,213135738,169585180,43550558,2685843
02-06-2021,1380004385,28441986,134154,337989,2887,3265073,350057330,215678166,171866824,43811342,2542428
03-06-2021,1380004385,28574350,132364,340702,2713,3725318,353782648,218344384,174296917,44047467,2666218
04-06-2021,1380004385,28694879,120529,344082,3380,3651198,357433846,223607768,179172948,44434820,5263384
05-06-2021,1380004385,28809339,114460,346759,2677,3740296,361174142,225571144,180972102,44599042,1963376
06-06-2021,1380004385,28909975,100636,349186,2427,3572380,364746522,228041045,183275704,44765341,2469901
07-06-2021,1380004385,28996473,86498,351309,2123,1587589,366334111,230490652,185501579,44989073,2449607
08-06-2021,1380004385,29089069,92596,353528,2219,1873485,368207596,233680929,188363894,45317035,3190277
09-06-2021,1380004385,29182532,93463,355705,2177,1985967,370193563,236856505,191222380,45634125,3175576
10-06-2021,1380004385,29274823,92291,363079,7374,2004690,372198253,240281903,194325996,45955907,3425398
11-06-2021,1380004385,29359155,84332,367081,4002,2044131,374242384,243703242,197415653,46287589,3421339
12-06-2021,1380004385,29439989,80834,370384,3303,1989778,376232162,246188067,199655293,46532774,2484825
13-06-2021,1380004385,29510410,70421,374305,3921,1900312,378132474,249430416,202572835,46857581,3242349
14-06-2021,1380004385,29570881,60471,377031,2726,1492152,379624626,252760364,205571046,47189318,3329948
15-06-2021,1380004385,29633105,62224,379573,2542,1751358,381375984,255305366,207830971,47474395,2545002
16-06-2021,1380004385,29700313,67208,381903,2330,1930987,383306971,258325900,210442950,47882950,3020534
17-06-2021,1380004385,29762793,62480,383490,1587,1931249,385238220,262970250,214553189,48417061,4644350
18-06-2021,1380004385,29823546,60753,385137,1647,1929476,387167696,266355940,217542993,48812947,3385690
19-06-2021,1380004385,29881772,58226,386708,1571,2039941,389207637,270908312,221493259,49415053,4552372
20-06-2021,1380004385,29935221,53449,388135,1427,1811446,391019083,274286599,224541283,49745316,3378287
21-06-2021,1380004385,29977861,42640,389302,1167,1388699,392407782,283313942,232744813,50569129,9027343
22-06-2021,1380004385,30028709,50848,390660,1358,1664360,394072142,289855456,238586187,51269269,6541514
23-06-2021,1380004385,30082778,54069,391981,1321,1901056,395973198,293370338,241720520,51649818,3514882
24-06-2021,1380004385,30134445,51667,393310,1329,1859469,397832667,300054027,247652194,52401833,6683689
25-06-2021,1380004385,30183143,48698,394493,1183,1735781,399568448,306661528,253359907,53301621,6607501
26-06-2021,1380004385,30233183,50040,395751,1258,2243444,401811892,314841384,260253182,54588202,8179856
27-06-2021,1380004385,30279331,46148,396730,979,2453209,404265101,318030412,262916313,55114099,3189028
28-06-2021,1380004385,30316897,37566,397637,907,2106178,406371279,321423578,265545768,55877810,3393166
29-06-2021,1380004385,30362848,45951,398454,817,1768008,408139287,327423913,270178001,57245912,6000335
30-06-2021,1380004385,30411634,48786,399459,1005,1960757,410100044,329158139,271410023,57748116,1734226
01-07-2021,1380004385,30458251,46617,400312,853,1921450,412021494,334741649,275693081,59048568,5583510
02-07-2021,1380004385,30502362,44111,401050,738,2230026,414251520,335671794,276339011,59332783,930145
03-07-2021,1380004385,30545433,43071,402005,955,0,0,344300590,282231365,62069225,8628796
04-07-2021,1380004385,30545433,0,402005,0,0,0,0,0,0,0
